recipe_id,role,is_primary,strict_score_rank,CD_error_rank,LER_rank,margin_rank,robustness_rank,fd_mc_strict_pass_prob,fd_mc_robust_prob,fd_nominal_CD_error_nm,fd_nominal_LER,fd_nominal_P_line_margin,fd_mc_std_CD,fd_mc_std_LER,rank_06g_surrogate,recommended_use_case,final_recommendation
G_4867,fd_stability_best,True,1,1,3,8,1,0.68,1.0,0.0029488599741203103,2.510559542416033,0.17582805281672076,0.4854749737036034,0.020880574293053025,3,default Mode A recipe (FD MC stability winner),RECOMMENDED
G_1096,fd_stability_co_winner,False,1,3,7,6,1,0.68,1.0,0.12259714884094386,2.522261038653208,0.19503621537005422,0.48676113666398024,0.01924121659169453,9,alternate primary if G_4867 unavailable,RECOMMENDED (backup primary)
G_715,fd_stability_runner_up,False,3,2,2,7,1,0.63,1.0,0.048573245665608056,2.5093765406102233,0.17621553293701842,0.4851283800415742,0.019221285109186206,8,third option for MC-robust selection,RECOMMENDED (third option)
G_3691,strict_best,False,5,5,5,3,1,0.43,1.0,0.6298574449923109,2.521759482324201,0.22066422852000522,0.4910961770961183,0.018372896553405436,1,diagnostic: surrogate-vs-FD discrepancy reference,DIAGNOSTIC ONLY
G_2311,cd_best,False,7,7,6,2,1,0.2866666666666667,1.0,0.7929778586992402,2.5221279477011715,0.22905114761910927,0.45500144130916836,0.01948208792499214,60,best nominal CD accuracy (frozen process only),USE CASE-DEPENDENT
G_829,ler_best,False,8,8,1,5,1,0.09,1.0,1.200497215158446,2.478949248840196,0.19748750334982434,0.5036228616423533,0.02132628649605241,55,diagnostic only -- MC stability is poor,DIAGNOSTIC ONLY
G_4299,margin_best,False,4,4,8,4,1,0.4666666666666667,1.0,0.49090189285524843,2.539413321914509,0.2145093678633414,0.39519514493359725,0.018185154278076772,47,secondary candidate when margin is the leading metric,RECOMMENDED (secondary)
G_1226,balanced,False,6,6,4,1,1,0.2966666666666667,1.0,0.7622552533963667,2.5133638187161247,0.23203934824878047,0.4126895556310316,0.01917772638702576,5,diagnostic: surrogate balanced-best reference,DIAGNOSTIC ONLY
