{
  "stage": "06H",
  "policy": {
    "v2_OP_frozen": true,
    "published_data_loaded": false,
    "notes": "Stage 06A is a nominal-model yield-proxy optimisation. The 04C\nsurrogate is treated as an oracle for the v2 nominal physics, not\nfor a real fab. No external calibration has been performed.\n"
  },
  "strict_thresholds": {
    "cd_tol_nm": 0.5,
    "ler_cap_nm": 3.0
  },
  "n_top_nominal": 100,
  "n_top10_mc_recipes": 10,
  "n_rep_mc_recipes": 6,
  "regression_errors_nominal": {
    "mean_cd_fixed_vs_FD_CD": {
      "mae": 0.6940131041653465,
      "rmse": 0.8772869031201374,
      "n": 100
    },
    "mean_ler_locked_vs_FD_LER": {
      "mae": 0.029290179323567703,
      "rmse": 0.03464610298755807,
      "n": 100
    },
    "mean_p_line_margin_vs_FD": {
      "mae": 0.025493678774083716,
      "rmse": 0.030136861046119436,
      "n": 100
    },
    "area_frac": {
      "mae": null,
      "rmse": null,
      "n": 0
    }
  },
  "spearman": {
    "strict_score_top100_nominal": 0.11021902190219021,
    "CD_error_top100_nominal": 0.03252325232523252,
    "LER_top100_nominal": 0.6457605760576057,
    "strict_score_top10_mc": -0.3696969696969697,
    "yield_score_top10_mc": NaN
  },
  "topk_overlap_top100": {
    "top1": 0,
    "top3": 0,
    "top5": 0,
    "top10": 1
  },
  "fd_top100_nominal_strict_pass": 42,
  "fd_top100_nominal_strict_pass_rate": 0.42,
  "fd_top10_mc_aggr": [
    {
      "recipe_id": "G_3691",
      "n_mc": 100,
      "robust_prob": 1.0,
      "margin_risk_prob": 0.0,
      "defect_prob": 0.0,
      "p_under_exposed": 0.0,
      "p_merged": 0.0,
      "p_roughness_degraded": 0.0,
      "p_numerical_invalid": 0.0,
      "mean_cd_final": 15.646043887951727,
      "mean_cd_error": 0.6615242356901987,
      "std_cd_final": 0.43024452089006887,
      "mean_ler_locked": 2.5433717747920634,
      "std_ler_locked": 0.018843666216819707,
      "mean_p_line_margin": 0.21898144436845965,
      "FD_MC_yield_score": 1.0,
      "FD_MC_strict_score": 0.17694734323845532,
      "p_strict_pass": 0.41
    },
    {
      "recipe_id": "G_1500",
      "n_mc": 100,
      "robust_prob": 1.0,
      "margin_risk_prob": 0.0,
      "defect_prob": 0.0,
      "p_under_exposed": 0.0,
      "p_merged": 0.0,
      "p_roughness_degraded": 0.0,
      "p_numerical_invalid": 0.0,
      "mean_cd_final": 15.608319813442574,
      "mean_cd_error": 0.6531752624034179,
      "std_cd_final": 0.44853896379414093,
      "mean_ler_locked": 2.5381336832624375,
      "std_ler_locked": 0.01959863130933385,
      "mean_p_line_margin": 0.22117287141051695,
      "FD_MC_yield_score": 1.0,
      "FD_MC_strict_score": 0.27199549807610063,
      "p_strict_pass": 0.44
    },
    {
      "recipe_id": "G_4867",
      "n_mc": 100,
      "robust_prob": 1.0,
      "margin_risk_prob": 0.0,
      "defect_prob": 0.0,
      "p_under_exposed": 0.0,
      "p_merged": 0.0,
      "p_roughness_degraded": 0.0,
      "p_numerical_invalid": 0.0,
      "mean_cd_final": 15.0517386238079,
      "mean_cd_error": 0.39011358220921416,
      "std_cd_final": 0.4854749737036034,
      "mean_ler_locked": 2.532945551214526,
      "std_ler_locked": 0.020880574293053025,
      "mean_p_line_margin": 0.175067299088524,
      "FD_MC_yield_score": 1.0,
      "FD_MC_strict_score": 0.5478515639220011,
      "p_strict_pass": 0.68
    },
    {
      "recipe_id": "G_3185",
      "n_mc": 100,
      "robust_prob": 1.0,
      "margin_risk_prob": 0.0,
      "defect_prob": 0.0,
      "p_under_exposed": 0.0,
      "p_merged": 0.0,
      "p_roughness_degraded": 0.0,
      "p_numerical_invalid": 0.0,
      "mean_cd_final": 15.982854200255558,
      "mean_cd_error": 0.9848749252705511,
      "std_cd_final": 0.44319275072519376,
      "mean_ler_locked": 2.528921454308913,
      "std_ler_locked": 0.020279899664059076,
      "mean_p_line_margin": 0.2182590083949102,
      "FD_MC_yield_score": 1.0,
      "FD_MC_strict_score": -0.8473305492251686,
      "p_strict_pass": 0.12
    },
    {
      "recipe_id": "G_1226",
      "n_mc": 100,
      "robust_prob": 1.0,
      "margin_risk_prob": 0.0,
      "defect_prob": 0.0,
      "p_under_exposed": 0.0,
      "p_merged": 0.0,
      "p_roughness_degraded": 0.0,
      "p_numerical_invalid": 0.0,
      "mean_cd_final": 15.694309525754532,
      "mean_cd_error": 0.7278606377904834,
      "std_cd_final": 0.46101832345216953,
      "mean_ler_locked": 2.537276944189992,
      "std_ler_locked": 0.020566881930415754,
      "mean_p_line_margin": 0.22875155276876377,
      "FD_MC_yield_score": 1.0,
      "FD_MC_strict_score": 0.0029575465112176083,
      "p_strict_pass": 0.3
    },
    {
      "recipe_id": "G_1679",
      "n_mc": 100,
      "robust_prob": 1.0,
      "margin_risk_prob": 0.0,
      "defect_prob": 0.0,
      "p_under_exposed": 0.0,
      "p_merged": 0.0,
      "p_roughness_degraded": 0.0,
      "p_numerical_invalid": 0.0,
      "mean_cd_final": 15.388513288294265,
      "mean_cd_error": 0.4735308753760023,
      "std_cd_final": 0.46875472092460696,
      "mean_ler_locked": 2.537213349318675,
      "std_ler_locked": 0.020885556102697683,
      "mean_p_line_margin": 0.20547118717795979,
      "FD_MC_yield_score": 1.0,
      "FD_MC_strict_score": 0.5721702978185341,
      "p_strict_pass": 0.6
    },
    {
      "recipe_id": "G_3366",
      "n_mc": 100,
      "robust_prob": 1.0,
      "margin_risk_prob": 0.0,
      "defect_prob": 0.0,
      "p_under_exposed": 0.0,
      "p_merged": 0.0,
      "p_roughness_degraded": 0.0,
      "p_numerical_invalid": 0.0,
      "mean_cd_final": 15.765712748152701,
      "mean_cd_error": 0.782366071515414,
      "std_cd_final": 0.4300719203117509,
      "mean_ler_locked": 2.5383477205140825,
      "std_ler_locked": 0.01897080284208137,
      "mean_p_line_margin": 0.24552248321734776,
      "FD_MC_yield_score": 1.0,
      "FD_MC_strict_score": -0.1753149453865585,
      "p_strict_pass": 0.27
    },
    {
      "recipe_id": "G_715",
      "n_mc": 100,
      "robust_prob": 1.0,
      "margin_risk_prob": 0.0,
      "defect_prob": 0.0,
      "p_under_exposed": 0.0,
      "p_merged": 0.0,
      "p_roughness_degraded": 0.0,
      "p_numerical_invalid": 0.0,
      "mean_cd_final": 14.906874143325851,
      "mean_cd_error": 0.40664690164906053,
      "std_cd_final": 0.4851283800415742,
      "mean_ler_locked": 2.5331878737516034,
      "std_ler_locked": 0.019221285109186206,
      "mean_p_line_margin": 0.17589641645322387,
      "FD_MC_yield_score": 1.0,
      "FD_MC_strict_score": 0.5492350815171386,
      "p_strict_pass": 0.63
    },
    {
      "recipe_id": "G_1096",
      "n_mc": 100,
      "robust_prob": 1.0,
      "margin_risk_prob": 0.0,
      "defect_prob": 0.0,
      "p_under_exposed": 0.0,
      "p_merged": 0.0,
      "p_roughness_degraded": 0.0,
      "p_numerical_invalid": 0.0,
      "mean_cd_final": 15.06987935744076,
      "mean_cd_error": 0.4088204718271621,
      "std_cd_final": 0.48676113666398024,
      "mean_ler_locked": 2.5447385160104328,
      "std_ler_locked": 0.01924121659169453,
      "mean_p_line_margin": 0.1916607732801072,
      "FD_MC_yield_score": 1.0,
      "FD_MC_strict_score": 0.5515334483601994,
      "p_strict_pass": 0.68
    },
    {
      "recipe_id": "G_1553",
      "n_mc": 100,
      "robust_prob": 1.0,
      "margin_risk_prob": 0.0,
      "defect_prob": 0.0,
      "p_under_exposed": 0.0,
      "p_merged": 0.0,
      "p_roughness_degraded": 0.0,
      "p_numerical_invalid": 0.0,
      "mean_cd_final": 14.6098601375503,
      "mean_cd_error": 0.5829862801781709,
      "std_cd_final": 0.5739878302553345,
      "mean_ler_locked": 2.52647136425406,
      "std_ler_locked": 0.020195711037519794,
      "mean_p_line_margin": 0.13929377220329658,
      "FD_MC_yield_score": 1.0,
      "FD_MC_strict_score": 0.4507377572767297,
      "p_strict_pass": 0.44
    }
  ],
  "fd_top10_mc_robust_count": 10,
  "fd_top10_mc_strict_pass_count": 4,
  "fd_rep_mc_aggr": [
    {
      "rep_kind": "strict-best",
      "recipe_id": "G_3691",