{
  "stage": "06M",
  "policy": {
    "v2_OP_frozen": true,
    "published_data_loaded": false,
    "notes": "Stage 06A is a nominal-model yield-proxy optimisation. The 04C\nsurrogate is treated as an oracle for the v2 nominal physics, not\nfor a real fab. No external calibration has been performed.\n"
  },
  "primary_recipe_id": "G_4867",
  "base_time_s": 29.275345294736326,
  "strict_thresholds": {
    "cd_tol_nm": 0.5,
    "ler_cap_nm": 3.0
  },
  "deterministic_offsets_aggregates": [
    {
      "n_mc": 100,
      "robust_valid_prob": 1.0,
      "margin_risk_prob": 0.0,
      "defect_prob": 0.0,
      "p_under_exposed": 0.0,
      "p_merged": 0.0,
      "p_roughness_degraded": 0.0,
      "p_numerical_invalid": 0.0,
      "strict_pass_prob": 0.05,
      "mean_cd_final": 13.827069003855588,
      "std_cd_final": 0.3960289215193376,
      "mean_cd_error": 1.1729309961444132,
      "std_cd_error": 0.3960289215193376,
      "mean_ler_locked": 2.536204043567725,
      "std_ler_locked": 0.020304612720729552,
      "mean_p_line_margin": 0.13030515935729473,
      "std_p_line_margin": 0.01256127884118876,
      "mean_strict_score": -0.9944389368009426,
      "std_strict_score": 1.1748765325475303,
      "time_offset_s": -5.0,
      "target_time_s": 24.275345294736326
    },
    {
      "n_mc": 100,
      "robust_valid_prob": 1.0,
      "margin_risk_prob": 0.0,
      "defect_prob": 0.0,
      "p_under_exposed": 0.0,
      "p_merged": 0.0,
      "p_roughness_degraded": 0.0,
      "p_numerical_invalid": 0.0,
      "strict_pass_prob": 0.19,
      "mean_cd_final": 14.105160346498701,
      "std_cd_final": 0.39777533528888565,
      "mean_cd_error": 0.8948396535012967,
      "std_cd_error": 0.39777533528888565,
      "mean_ler_locked": 2.5339871286710056,
      "std_ler_locked": 0.018816799974627176,
      "mean_p_line_margin": 0.14068188088271352,
      "std_p_line_margin": 0.012037283681936097,
      "mean_strict_score": -0.21903849754727278,
      "std_strict_score": 1.0971869911554548,
      "time_offset_s": -4.0,
      "target_time_s": 25.275345294736326
    },
    {
      "n_mc": 100,
      "robust_valid_prob": 1.0,
      "margin_risk_prob": 0.0,
      "defect_prob": 0.0,
      "p_under_exposed": 0.0,
      "p_merged": 0.0,
      "p_roughness_degraded": 0.0,
      "p_numerical_invalid": 0.0,
      "strict_pass_prob": 0.39,
      "mean_cd_final": 14.365251438874925,
      "std_cd_final": 0.4132963897558777,
      "mean_cd_error": 0.6678425779166226,
      "std_cd_error": 0.35735966862151,
      "mean_ler_locked": 2.5363852812776697,
      "std_ler_locked": 0.02074180827916201,
      "mean_p_line_margin": 0.15164272668413717,
      "std_p_line_margin": 0.011805731383409752,
      "mean_strict_score": 0.3085228874992496,
      "std_strict_score": 0.8328832075134082,
      "time_offset_s": -3.0,
      "target_time_s": 26.275345294736326
    },
    {
      "n_mc": 100,
      "robust_valid_prob": 1.0,
      "margin_risk_prob": 0.0,
      "defect_prob": 0.0,
      "p_under_exposed": 0.0,
      "p_merged": 0.0,
      "p_roughness_degraded": 0.0,
      "p_numerical_invalid": 0.0,
      "strict_pass_prob": 0.5,
      "mean_cd_final": 14.547399063105065,
      "std_cd_final": 0.39261655360329617,
      "mean_cd_error": 0.5183800905110408,
      "std_cd_error": 0.3004620575102114,
      "mean_ler_locked": 2.5336981036210817,
      "std_ler_locked": 0.021101528556014274,
      "mean_p_line_margin": 0.1577590721471613,
      "std_p_line_margin": 0.011787190017459283,
      "mean_strict_score": 0.6381355050161087,
      "std_strict_score": 0.5679381835347921,
      "time_offset_s": -2.0,
      "target_time_s": 27.275345294736326
    },
    {
      "n_mc": 100,
      "robust_valid_prob": 1.0,
      "margin_risk_prob": 0.0,
      "defect_prob": 0.0,
      "p_under_exposed": 0.0,
      "p_merged": 0.0,
      "p_roughness_degraded": 0.0,
      "p_numerical_invalid": 0.0,
      "strict_pass_prob": 0.76,
      "mean_cd_final": 14.774392429322248,
      "std_cd_final": 0.38126908181850305,
      "mean_cd_error": 0.3310890732370779,
      "std_cd_error": 0.294355081968794,
      "mean_ler_locked": 2.531404152981315,
      "std_ler_locked": 0.019974610444302456,
      "mean_p_line_margin": 0.16656661268946926,
      "std_p_line_margin": 0.012128392655707192,
      "mean_strict_score": 0.8370630771098836,
      "std_strict_score": 0.45069137312553026,
      "time_offset_s": -1.0,
      "target_time_s": 28.275345294736326
    },
    {
      "n_mc": 100,
      "robust_valid_prob": 1.0,
      "margin_risk_prob": 0.0,
      "defect_prob": 0.0,
      "p_under_exposed": 0.0,
      "p_merged": 0.0,
      "p_roughness_degraded": 0.0,
      "p_numerical_invalid": 0.0,
      "strict_pass_prob": 0.78,
      "mean_cd_final": 15.01513661839081,
      "std_cd_final": 0.4067924226280357,
      "mean_cd_error": 0.33042613268894827,
      "std_cd_error": 0.23775567955386687,
      "mean_ler_locked": 2.5335293842594844,
      "std_ler_locked": 0.02019134614381713,
      "mean_p_line_margin": 0.17479964777161228,
      "std_p_line_margin": 0.012040199419459234,
      "mean_strict_score": 0.9209157638135623,
      "std_strict_score": 0.32127269131568836,
      "time_offset_s": 0.0,
      "target_time_s": 29.275345294736326
    },
    {
      "n_mc": 100,
      "robust_valid_prob": 1.0,
      "margin_risk_prob": 0.0,
      "defect_prob": 0.0,
      "p_under_exposed": 0.0,
      "p_merged": 0.0,
      "p_roughness_degraded": 0.0,
      "p_numerical_invalid": 0.0,
      "strict_pass_prob": 0.68,
      "mean_cd_final": 15.202025055958927,
      "std_cd_final": 0.46438581642653115,
      "mean_cd_error": 0.4047311824989292,
      "std_cd_error": 0.3044026603799022,
      "mean_ler_locked": 2.535613534158855,
      "std_ler_locked": 0.020140705972252378,
      "mean_p_line_margin": 0.18281093782922564,
      "std_p_line_margin": 0.010948127714242686,
      "mean_strict_score": 0.7905329643532544,
      "std_strict_score": 0.5465112925670963,
      "time_offset_s": 1.0,
      "target_time_s": 30.275345294736326
    },
    {
      "n_mc": 100,
      "robust_valid_prob": 1.0,
      "margin_risk_prob": 0.0,
      "defect_prob": 0.0,
      "p_under_exposed": 0.0,
      "p_merged": 0.0,
      "p_roughness_degraded": 0.0,
      "p_numerical_invalid": 0.0,
      "strict_pass_prob": 0.48,
      "mean_cd_final": 15.500609588306181,
      "std_cd_final": 0.4586450923542771,
      "mean_cd_error": 0.5587629603785176,
      "std_cd_error": 0.38568022344136527,
      "mean_ler_locked": 2.5316710236092828,
      "std_ler_locked": 0.019826345382811174,
      "mean_p_line_margin": 0.1905554692125716,
      "std_p_line_margin": 0.011934821530509239,
      "mean_strict_score": 0.45594228541192455,
      "std_strict_score": 0.7598442597601357,
      "time_offset_s": 2.0,
      "target_time_s": 31.275345294736326
    },
    {
      "n_mc": 100,
      "robust_valid_prob": 1.0,
      "margin_risk_prob": 0.0,
      "defect_prob": 0.0,
      "p_under_exposed": 0.0,
      "p_merged": 0.0,
      "p_roughness_degraded": 0.0,
      "p_numerical_invalid": 0.0,
      "strict_pass_prob": 0.34,
      "mean_cd_final": 15.677661459368098,
      "std_cd_final": 0.3855640713706493,
      "mean_cd_error": 0.6877526166721711,
      "std_cd_error": 0.3672615483621872,
      "mean_ler_locked": 2.529013017639593,
      "std_ler_locked": 0.018040889592343786,
      "mean_p_line_margin": 0.19711174427119954,
      "std_p_line_margin": 0.010127037735687313,
      "mean_strict_score": 0.27911438070482003,
      "std_strict_score": 0.8741833538111923,
      "time_offset_s": 3.0,
      "target_time_s": 32.275345294736326
    },
    {
      "n_mc": 100,
      "robust_valid_prob": 1.0,
      "margin_risk_prob": 0.0,
      "defect_prob": 0.0,
      "p_under_exposed": 0.0,
      "p_merged": 0.0,
      "p_roughness_degraded": 0.0,
      "p_numerical_invalid": 0.0,
      "strict_pass_prob": 0.22,
      "mean_cd_final": 15.808664594914472,