{
  "stage": "06P",
  "policy": {
    "v2_OP_frozen": true,
    "published_data_loaded": false,
    "notes": "Stage 06A is a nominal-model yield-proxy optimisation. The 04C\nsurrogate is treated as an oracle for the v2 nominal physics, not\nfor a real fab. No external calibration has been performed.\n"
  },
  "per_offset": [
    {
      "time_offset_s": -5.0,
      "G4867_pred_strict_pass": 0.21,
      "J1453_pred_strict_pass": 0.11,
      "G4867_fd_strict_pass": 0.05,
      "J1453_fd_strict_pass": 0.11,
      "G4867_pred_robust_valid": 0.9998333333333334,
      "J1453_pred_robust_valid": 1.0,
      "G4867_fd_robust_valid": 1.0,
      "J1453_fd_robust_valid": 1.0,
      "G4867_pred_defect": 6.666666666666667e-05,
      "J1453_pred_defect": 0.0,
      "G4867_fd_defect": 0.0,
      "J1453_fd_defect": 0.0,
      "G4867_pred_mean_strict_score": -0.36668181891103024,
      "J1453_pred_mean_strict_score": -0.11828534911001548,
      "G4867_fd_mean_strict_score": -0.9944389368009426,
      "J1453_fd_mean_strict_score": -0.16429163689166487
    },
    {
      "time_offset_s": -4.0,
      "G4867_pred_strict_pass": 0.61,
      "J1453_pred_strict_pass": 0.31,
      "G4867_fd_strict_pass": 0.19,
      "J1453_fd_strict_pass": 0.3,
      "G4867_pred_robust_valid": 0.9999333333333333,
      "J1453_pred_robust_valid": 1.0,
      "G4867_fd_robust_valid": 1.0,
      "J1453_fd_robust_valid": 1.0,
      "G4867_pred_defect": 0.0,
      "J1453_pred_defect": 0.0,
      "G4867_fd_defect": 0.0,
      "J1453_fd_defect": 0.0,
      "G4867_pred_mean_strict_score": 0.16864315043578126,
      "J1453_pred_mean_strict_score": 0.4181653151106232,
      "G4867_fd_mean_strict_score": -0.21903849754727278,
      "J1453_fd_mean_strict_score": 0.45442147464320937
    },
    {
      "time_offset_s": -3.0,
      "G4867_pred_strict_pass": 0.69,
      "J1453_pred_strict_pass": 0.5,
      "G4867_fd_strict_pass": 0.39,
      "J1453_fd_strict_pass": 0.51,
      "G4867_pred_robust_valid": 1.0,
      "J1453_pred_robust_valid": 1.0,
      "G4867_fd_robust_valid": 1.0,
      "J1453_fd_robust_valid": 1.0,
      "G4867_pred_defect": 0.0,
      "J1453_pred_defect": 0.0,
      "G4867_fd_defect": 0.0,
      "J1453_fd_defect": 0.0,
      "G4867_pred_mean_strict_score": 0.3395638612859354,
      "J1453_pred_mean_strict_score": 0.7827959542817514,
      "G4867_fd_mean_strict_score": 0.3085228874992496,
      "J1453_fd_mean_strict_score": 0.7822794413217778
    },
    {
      "time_offset_s": -2.0,
      "G4867_pred_strict_pass": 0.66,
      "J1453_pred_strict_pass": 0.74,
      "G4867_fd_strict_pass": 0.5,
      "J1453_fd_strict_pass": 0.72,
      "G4867_pred_robust_valid": 0.9999333333333333,
      "J1453_pred_robust_valid": 1.0,
      "G4867_fd_robust_valid": 1.0,
      "J1453_fd_robust_valid": 1.0,
      "G4867_pred_defect": 3.3333333333333335e-05,
      "J1453_pred_defect": 0.0,
      "G4867_fd_defect": 0.0,
      "J1453_fd_defect": 0.0,
      "G4867_pred_mean_strict_score": 0.4088640703393491,
      "J1453_pred_mean_strict_score": 0.914825914419836,
      "G4867_fd_mean_strict_score": 0.6381355050161087,
      "J1453_fd_mean_strict_score": 0.9231324845508867
    },
    {
      "time_offset_s": -1.0,
      "G4867_pred_strict_pass": 0.85,
      "J1453_pred_strict_pass": 0.96,
      "G4867_fd_strict_pass": 0.76,
      "J1453_fd_strict_pass": 0.94,
      "G4867_pred_robust_valid": 0.9998666666666668,
      "J1453_pred_robust_valid": 1.0,
      "G4867_fd_robust_valid": 1.0,
      "J1453_fd_robust_valid": 1.0,
      "G4867_pred_defect": 3.3333333333333335e-05,
      "J1453_pred_defect": 0.0,
      "G4867_fd_defect": 0.0,
      "J1453_fd_defect": 0.0,
      "G4867_pred_mean_strict_score": 0.8081205560863859,
      "J1453_pred_mean_strict_score": 1.0311270429291155,
      "G4867_fd_mean_strict_score": 0.8370630771098836,
      "J1453_fd_mean_strict_score": 1.0406083645972075
    },
    {
      "time_offset_s": 0.0,
      "G4867_pred_strict_pass": 0.97,
      "J1453_pred_strict_pass": 0.92,
      "G4867_fd_strict_pass": 0.78,
      "J1453_fd_strict_pass": 0.91,
      "G4867_pred_robust_valid": 1.0,
      "J1453_pred_robust_valid": 1.0,
      "G4867_fd_robust_valid": 1.0,
      "J1453_fd_robust_valid": 1.0,
      "G4867_pred_defect": 0.0,
      "J1453_pred_defect": 0.0,
      "G4867_fd_defect": 0.0,
      "J1453_fd_defect": 0.0,
      "G4867_pred_mean_strict_score": 0.8827411979699802,
      "J1453_pred_mean_strict_score": 1.0050935273509123,
      "G4867_fd_mean_strict_score": 0.9209157638135623,
      "J1453_fd_mean_strict_score": 1.0044537745365254
    },
    {
      "time_offset_s": 1.0,
      "G4867_pred_strict_pass": 0.68,
      "J1453_pred_strict_pass": 0.75,
      "G4867_fd_strict_pass": 0.68,
      "J1453_fd_strict_pass": 0.73,
      "G4867_pred_robust_valid": 0.9999333333333333,
      "J1453_pred_robust_valid": 1.0,
      "G4867_fd_robust_valid": 1.0,
      "J1453_fd_robust_valid": 1.0,
      "G4867_pred_defect": 6.666666666666667e-05,
      "J1453_pred_defect": 0.0,
      "G4867_fd_defect": 0.0,
      "J1453_fd_defect": 0.0,
      "G4867_pred_mean_strict_score": 0.8064167782986371,
      "J1453_pred_mean_strict_score": 0.9180677944921698,
      "G4867_fd_mean_strict_score": 0.7905329643532544,
      "J1453_fd_mean_strict_score": 0.9230355813711999
    },
    {
      "time_offset_s": 2.0,
      "G4867_pred_strict_pass": 0.55,
      "J1453_pred_strict_pass": 0.51,
      "G4867_fd_strict_pass": 0.48,
      "J1453_fd_strict_pass": 0.51,
      "G4867_pred_robust_valid": 0.9998666666666667,
      "J1453_pred_robust_valid": 1.0,
      "G4867_fd_robust_valid": 1.0,
      "J1453_fd_robust_valid": 1.0,
      "G4867_pred_defect": 6.666666666666667e-05,
      "J1453_pred_defect": 0.0,
      "G4867_fd_defect": 0.0,
      "J1453_fd_defect": 0.0,
      "G4867_pred_mean_strict_score": 0.1979855287947074,
      "J1453_pred_mean_strict_score": 0.6948840607100564,
      "G4867_fd_mean_strict_score": 0.45594228541192455,
      "J1453_fd_mean_strict_score": 0.6927723920449226
    },
    {
      "time_offset_s": 3.0,
      "G4867_pred_strict_pass": 0.59,
      "J1453_pred_strict_pass": 0.26,
      "G4867_fd_strict_pass": 0.34,
      "J1453_fd_strict_pass": 0.29,
      "G4867_pred_robust_valid": 0.9999000000000001,
      "J1453_pred_robust_valid": 1.0,
      "G4867_fd_robust_valid": 1.0,
      "J1453_fd_robust_valid": 1.0,
      "G4867_pred_defect": 6.666666666666667e-05,
      "J1453_pred_defect": 0.0,
      "G4867_fd_defect": 0.0,
      "J1453_fd_defect": 0.0,
      "G4867_pred_mean_strict_score": -0.0941861061451666,
      "J1453_pred_mean_strict_score": 0.21198361496797183,
      "G4867_fd_mean_strict_score": 0.27911438070482003,
      "J1453_fd_mean_strict_score": 0.21886476641752647
    },
    {
      "time_offset_s": 4.0,
      "G4867_pred_strict_pass": 0.63,
      "J1453_pred_strict_pass": 0.06,
      "G4867_fd_strict_pass": 0.22,
      "J1453_fd_strict_pass": 0.12,
      "G4867_pred_robust_valid": 0.9999333333333333,
      "J1453_pred_robust_valid": 1.0,
      "G4867_fd_robust_valid": 1.0,
      "J1453_fd_robust_valid": 1.0,
      "G4867_pred_defect": 0.0,
      "J1453_pred_defect": 0.0,
      "G4867_fd_defect": 0.0,
      "J1453_fd_defect": 0.0,
      "G4867_pred_mean_strict_score": -0.1941956645265908,
      "J1453_pred_mean_strict_score": -0.3151469687539813,
      "G4867_fd_mean_strict_score": -0.049195751105102124,
      "J1453_fd_mean_strict_score": -0.29011143460365696
    },
    {
      "time_offset_s": 5.0,
      "G4867_pred_strict_pass": 0.48,
      "J1453_pred_strict_pass": 0.05,
      "G4867_fd_strict_pass": 0.16,
      "J1453_fd_strict_pass": 0.05,
      "G4867_pred_robust_valid": 0.9999333333333333,
      "J1453_pred_robust_valid": 1.0,
      "G4867_fd_robust_valid": 1.0,
      "J1453_fd_robust_valid": 1.0,
      "G4867_pred_defect": 3.3333333333333335e-05,
      "J1453_pred_defect": 0.0,
      "G4867_fd_defect": 0.0,
      "J1453_fd_defect": 0.0,