{
  "stage": "06PB",
  "policy": {
    "v2_OP_frozen": true,
    "published_data_loaded": false,
    "notes": "Stage 06A is a nominal-model yield-proxy optimisation. The 04C\nsurrogate is treated as an oracle for the v2 nominal physics, not\nfor a real fab. No external calibration has been performed.\n"
  },
  "G4867_strict_pass_residual_mean_06r": 0.10909090909090907,
  "G4867_strict_pass_residual_mean_06pb": 0.008181818181818184,
  "J1453_strict_pass_residual_mean_06r": -0.0009090909090909024,
  "J1453_strict_pass_residual_mean_06pb": 0.0027272727272727375,
  "relative_advantage_residual_mean_06r": -0.10999999999999997,
  "relative_advantage_residual_mean_06pb": -0.005454545454545448,
  "abs_relative_advantage_residual_mean_06r": 0.10999999999999997,
  "abs_relative_advantage_residual_mean_06pb": 0.02545454545454545,
  "G4867_cd_error_residual_mean_06r": -0.1641682759126151,
  "G4867_cd_error_residual_mean_06pb": -0.03212679580981704,
  "improvement_relative_advantage_06pb_vs_06r": 0.10454545454545452,
  "G4867_over_prediction_reduced": true,
  "abs_relative_advantage_residual_within_0p10_target": true,
  "abs_relative_advantage_residual_within_0p05_stretch": true
}