{
  "n_params": 2102850,
  "epochs": 300,
  "train_wall_s": 8.281613122904673,
  "test_relL2": {
    "H_final": 0.8357959389686584,
    "P_final": 0.24247319996356964
  },
  "test_iou": {
    "mean": 0.0,
    "min": 0.0,
    "max": 0.0
  }
}