{
  "safe_test": {
    "n_samples": 6,
    "rel_L2": {
      "H_final": 0.8357959389686584,
      "P_final": 0.24247319996356964
    },
    "iou_mean": 0.0,
    "wall_s": 0.1490010080160573
  },
  "stiff_full": {
    "n_samples": 8,
    "rel_L2": {
      "H_final": 226.0612335205078,
      "P_final": 96.58819580078125
    },
    "iou_mean": 0.0,
    "wall_s": 0.0034847300266847014
  }
}