{
  "run_id": "v2_stage1_clean_geometry",
  "pitch_nm": 24.0,
  "line_cd_nm": 12.5,
  "dose_mJ_cm2": 40.0,
  "dose_norm": 1.0,
  "DH_nm2_s": 0.8,
  "time_s": 30.0,
  "T_C": 100.0,
  "Q0": 0.0,
  "kq": 0.0,
  "kdep": 0.5,
  "kloss": 0.005,
  "P_threshold": 0.5,
  "H_peak": 0.07712364004413899,
  "H_min": 0.03351645486469088,
  "P_max": 0.7867524670116046,
  "P_min": 0.21882338890876998,
  "Q_min": 0.0,
  "P_mean": 0.5697926691891829,
  "area_P_gt_threshold_nm2": 9000.25,
  "CD_initial_nm": 12.458333333333332,
  "CD_final_nm": 15.00952583401858,
  "CD_shift_nm": 2.5511925006852483,
  "LER_initial_nm": 2.77190169436708,
  "LER_final_nm": 2.6540792961392965,
  "LER_reduction_pct": 4.2505980088405115,
  "LWR_initial_nm": 3.68911374570009,
  "LWR_final_nm": 3.6311145981901873,
  "contour_exists": true,
  "nan_or_inf": false,
  "status": "ok"
}