{
  "run_id": "v2_baseline_lspace_no_quencher",
  "pitch_nm": 24.0,
  "line_cd_nm": 12.5,
  "dose_mJ_cm2": 40.0,
  "dose_norm": 1.0,
  "DH_nm2_s": 0.8,
  "time_s": 60.0,
  "T_C": 100.0,
  "Q0": 0.0,
  "kq": 0.0,
  "kdep": 0.5,
  "kloss": 0.005,
  "P_threshold": 0.5,
  "H_peak": 0.06359917244314195,
  "H_min": 0.038141066731433526,
  "P_max": 0.9167768798777504,
  "P_min": 0.6017159623777549,
  "Q_min": 0.0,
  "P_mean": 0.8467900398001413,
  "area_P_gt_threshold_nm2": 16384.0,
  "CD_initial_nm": 12.51934132767569,
  "CD_final_nm": 23.5,
  "CD_shift_nm": 10.98065867232431,
  "LER_initial_nm": 2.383827989915518,
  "LER_final_nm": 0.0,
  "LER_reduction_pct": 100.0,
  "LWR_initial_nm": 3.3545037544991927,
  "LWR_final_nm": 0.0,
  "contour_exists": true,
  "nan_or_inf": false,
  "status": "ok"
}